"0","#### Biomasse f√©conde"
"0",""
"0","model_ParamIndep_biomasseFeconde_annee1 <- sobolMDA::ranger(formula=biomasseFeconde ~ Survie + Derive + Standardisation + Mortalite + Fecondite , data"
"0","                                             =donneesIndepRD_annee1,importance = ""sobolMDA"")"
"0","model_ParamIndep_biomasseFeconde_annee2 <- sobolMDA::ranger(formula=biomasseFeconde ~ Survie + Derive + Standardisation + Mortalite + Fecondite , data"
"0","                                             =donneesIndepRD_annee2,importance = ""sobolMDA"")"
"0","model_ParamIndep_biomasseFeconde_annee3 <- sobolMDA::ranger(formula=biomasseFeconde ~ Survie + Derive + Standardisation + Mortalite + Fecondite , data"
"0","                                             =donneesIndepRD_annee3,importance = ""sobolMDA"")"
"0","model_paramIndep_biomasseFeconde_annee4 <- sobolMDA::ranger(formula=biomasseFeconde ~ Survie + Derive + Standardisation + Mortalite + Fecondite , data"
"0","                                             =donneesIndepRD_annee4,importance = ""sobolMDA"")"
"0",""
